{"objects":[{"enableTextures":true,"enabled":true,"material":{"ambient":[0.28904861211776733,0.2717704772949219,0.8529411554336548],"baseColor":[0.5343137383460999,0.3221597373485565,0.3221597373485565],"diffuse":[0.34980207681655884,0.6225490570068359,0.3021193742752075],"shininess":2.0,"specular":[1.0,0.0,0.0]},"model":"resources\\models\\teapot\\teapot.obj","name":"teapot.obj","position":[0.0,0.6200000047683716,0.0],"rotation":[0.12217305600643158,-1.675516128540039,0.0],"scale":[1.0,1.0,1.0]},{"enableTextures":false,"enabled":true,"material":{"ambient":[1.0,1.0,1.0],"baseColor":[1.0,1.0,1.0],"diffuse":[1.0,1.0,1.0],"shininess":32.0,"specular":[1.0,1.0,1.0]},"model":"resources\\models\\nanosuit\\nanosuit.obj","name":"nanosuit.obj","position":[0.0,0.0,0.0],"rotation":[0.0,0.0,0.0],"scale":[1.0,1.0,1.0]},{"enableTextures":true,"enabled":true,"material":{"ambient":[1.0,1.0,1.0],"baseColor":[1.0,1.0,1.0],"diffuse":[1.0,1.0,1.0],"shininess":32.0,"specular":[1.0,1.0,1.0]},"model":"resources\\models\\cyborg\\cyborg.obj","name":"who is dis???","position":[0.0,0.0,0.6790000200271606],"rotation":[0.12217305600643158,3.246312379837036,0.0],"scale":[1.0,1.0,1.0]}]}