{"lights":[{"attConstant":1.0,"attLinear":0.09000000357627869,"attQuadratic":0.03200000151991844,"enabled":true,"lightColor":[1.0,1.0,1.0],"name":"point light","position":[3.0,0.7350000143051147,0.24500000476837158],"rotation":[0.0,0.0,0.0],"scale":[1.0,1.0,1.0]},{"attConstant":1.0,"attLinear":0.09000000357627869,"attQuadratic":0.03200000151991844,"enabled":true,"lightColor":[0.9264705777168274,0.0,0.0],"name":"point light","position":[-1.2239999771118164,1.0609999895095825,0.0],"rotation":[0.0,0.0,0.0],"scale":[1.0,1.0,1.0]},{"attConstant":1.0,"attLinear":0.09000000357627869,"attQuadratic":0.03200000151991844,"enabled":true,"lightColor":[0.0,0.11766266822814941,1.0],"name":"point light","position":[1.7139999866485596,0.40799999237060547,0.0],"rotation":[0.0,0.0,0.0],"scale":[1.0,1.0,1.0]}],"objects":[{"enableTextures":true,"enabled":true,"material":{"ambient":[1.0,1.0,1.0],"baseColor":[1.0,1.0,1.0],"diffuse":[1.0,1.0,1.0],"roughness":0.10000000149011612,"shininess":32.0,"specular":[1.0,1.0,1.0]},"model":"resources\\models\\teapot\\teapot.obj","name":"teapot.obj","position":[1.0,0.0,0.0],"rotation":[0.0,0.0,0.0],"scale":[1.0,1.0,1.0]},{"enableTextures":true,"enabled":true,"material":{"ambient":[1.0,1.0,1.0],"baseColor":[1.0,1.0,1.0],"diffuse":[1.0,1.0,1.0],"roughness":0.10000000149011612,"shininess":32.0,"specular":[1.0,1.0,1.0]},"model":"resources\\models\\sphere\\sphere.obj","name":"sphere.obj","position":[0.0,0.0,0.0],"rotation":[0.0,0.0,0.0],"scale":[1.0,1.0,1.0]}]}